frequency,callsign,city,state,format,slogan,erp,haat
88.9,W205CW,TYRONE,PA,Christian CHR + Rock,REV FM,0.01,
91.5,W218DC,YORK,PA,Religious Teaching,CSN INTERNATIONAL,0.01,179.6
99.7,W259DM,Lebanon,PA,Classic Hits,99.7 WILBUR RADIO,0.14,
100.1,W261ED,LEES CROSSROADS,PA,Religious,WORD FM,0.12,
104.5,W283DT,HERSHEY,PA,Religious Teaching,HOPE FM,0.03,
102.7,W274CL,SCRANTON,PA,Classic Rock,ROCK 107,0.25,
103.7,W279EM,SCRANTON,PA,Rhythmic CHR,LOUD 103.7,0.138,364.0
104.1,W281CQ,SCRANTON,PA,Oldies,THE MOTHERSHIP,0.135,351.0
106.9,W295DN,DANVILLE,PA,Country,BIGFOOT COUNTRY,0.25,
105.5,W288EO,EXETER,PA,Oldies,THE MOTHERSHIP,0.022,
106.5,W293DX,BELLEFONTE,PA,Talk/Sports,970 NEWSTALK,0.25,
105.7,WABT-LP,Matamoras,PA,Classic Hits,Z-105,0.1,-118.0
89.1,WDFS,MAINESBURG,PA,,,0.145,15.0
90.9,WCGN,TIDIOUTE,PA,Contemporary Christian,FAMILY LIFE NETWORK,12.0,199.0
88.9,WCOI,ST. MARYS,PA,,,3.0,101.0
91.1,WCOX,BEDFORD,PA,Contemporary Christian,FAMILY LIFE NETWORK,1.9,398.0
88.1,WFCP,PINE GROVE,PA,,,0.2,196.0
98.7,WFXS,PLEASANT GAP,PA,Sports,98.7 THE FOX,2.2,168.0
88.7,WKGQ,Connellsville,PA,,,0.036,713.0
104.7,WJJA-LP,STROUDSBURG,PA,Tropical,MIXX 104,0.082,33.0
92.7,WKYJ,STARVIEW,PA,Adult Contemporary,HAPPY 92.7,0.7,291.0
91.3,WLCH-FM,LANCASTER,PA,Talk,RADIO CENTRO,0.16,41.0
102.3,WLMZ-FM,PITTSTON,PA,Tropical,LA MEGA 102.3,5.8,22.0
91.7,WLWG,MOUNT PLEASANT,PA,,,0.8,275.0
88.1,WMLD,DUSHORE,PA,Country,,0.1,-22.6
88.7,WPME,BEDFORD,PA,Religious Teaching,WAY TRUTH LIFE RADIO,0.25,111.0
91.1,WPMY,LOCK HAVEN,PA,,,0.3,279.0
105.9,WQWK,PHILIPSBURG,PA,Rock,QWIK ROCK 105.9,0.71,290.0
97.5,WRRF-LP,TOBYHANNA,PA,Urban Contemporary,REEWIND RADIO,0.022,62.0
94.5,WTUU-LP,Hazleton,PA,Variety,TU 94.5,0.003,163.0
88.3,WTWH,HAZLETON,PA,,,0.4,247.0
90.5,WVAM-FM,HUNTERSVILLE,PA,,,0.005,266.0
93.7,KDKA-FM,PITTSBURGH,PA,Sports,93.7 THE FAN,41.0,167.0
88.1,W201DO,MILFORD,PA,Classical/News/Talk,WVIA PUBLIC RADIO,0.055,
90.1,W211AA,"HARRISBURG, ETC.",PA,,,0.006,137.0
88.3,W202CK,BUTLER,PA,Contemporary Christian,FAMILY LIFE NETWORK,0.013,
88.7,W204CT,PITTSBURGH,PA,Contemporary Christian,K-LOVE,0.13,
88.9,W205AG,"CLARKS SUMMIT, ETC.",PA,Contemporary Christian/Religious Teaching,GOOD NEWS 88,0.007,307.0
88.9,W205CL,MESHOPPEN,PA,Contemporary Christian/Religious Teaching,GOOD NEWS 88,0.01,324.8
89.3,W207AA,WILLIAMSPORT,PA,Classical/News/Talk,WVIA PUBLIC RADIO,0.01,361.4
89.3,W207AE,READING,PA,Religious Teaching,FAMILY RADIO,0.008,24.0
89.3,W207AG,"FREELAND, ETC.",PA,Contemporary Christian,FAMILY LIFE NETWORK,0.013,190.0
89.3,W207BM,LOCK HAVEN,PA,Religious Teaching,THE SONLIFE RADIO NETWORK,0.055,
89.5,W208AF,"NANTICOKE, ETC.",PA,Religious Teaching,FAMILY RADIO,0.016,313.0
89.7,W209BN,CHAMBERSBURG,PA,Religious Teaching,THE SONLIFE RADIO NETWORK,0.01,23.0
89.7,W209CQ,NEW WILMINGTON,PA,Classical/News,WYSU 88.5,0.027,64.0
89.7,W209CS,Erie,PA,Religious Teaching,CSN INTERNATIONAL,0.01,
90.3,W212AT,CLARKS SUMMIT,PA,Classical/News/Talk,WVIA PUBLIC RADIO,0.002,234.0
90.3,W212BK,FRANKLIN,PA,Religious Teaching,THE SONLIFE RADIO NETWORK,0.01,76.0
90.5,W213BU,HAZLETON,PA,Contemporary Christian/Religious Teaching,GOOD NEWS 88,0.002,
90.7,W214AL,"DENVER, ETC.",PA,Classical/Jazz,TEMPLE UNIVERSITY PUBLIC RADIO,0.005,261.0
90.7,W214CF,MANSFIELD,PA,Religious Teaching,REJOICE RADIO,0.01,90.9
90.9,W215AA,"MILLERSBURG, ETC.",PA,Religious Teaching,AMERICAN FAMILY RADIO,0.006,189.0
90.9,W215BG,MILFORD,PA,News/Talk,NORTHEAST PUBLIC RADIO,0.01,71.2
91.5,W218AP,TITUSVILLE,PA,News/Classical,Q-91.3,0.013,96.0
91.5,W218BN,MANSFIELD,PA,Religious Teaching,THE SONLIFE RADIO NETWORK,0.01,84.0
91.7,W219DB,JOHNSTOWN,PA,Religious Teaching,BIBLE BROADCASTING NETWORK,0.022,
91.9,W220BA,OIL CITY,PA,News/Classical,Q-91.3,0.01,46.0
91.9,W220CO,CARBONDALE,PA,Religious Teaching,LIFETALK RADIO,0.01,230.0
92.1,W221AS,SAYRE,PA,Religious Teaching,YOUR STATION FOR INFORMATION & INSPIRATION,0.008,81.0
92.1,W221BD,DUBOIS,PA,News/Talk/Classical,PUBLIC RADIO FOR CENTRAL PENNSYLVANIA,0.027,26.1
92.1,W221CU,ALLENTOWN,PA,Religious Teaching,YOUR STATION FOR INSPIRATION,0.01,299.9
92.1,W221DI,ERIE,PA,Religious Teaching,STATION OF THE CROSS,0.045,
92.3,W222AP,NEW BALTIMORE,PA,News/Talk,PITTSBURGH`S NPR NEWS STATION,0.01,216.3
92.3,W222BV,Stroudsburg,PA,Variety,DELAWARE VALLEY RADIO,0.072,242.9
92.3,W222BY,LAURELDALE,PA,Contemporary Hit Radio,RUMBA 92.3,0.09,242.4
92.3,W222CB,IRWIN,PA,Talk/Oldies,620 KHB,0.1,
92.5,W223BY,CONNELLSVILLE,PA,Contemporary Christian,K-LOVE,0.006,
92.5,W223CC,WILKES-BARRE,PA,Contemporary Christian,FAMILY LIFE NETWORK,0.25,
92.5,W223CH,LANCASTER,PA,Contemporary Christian,WORD FM,0.25,
92.5,W223CS,PITTSBURGH,PA,Talk,1250 THE ANSWER,0.11,
92.7,W224AI,LOYALSOCK,PA,Country,BIGFOOT COUNTRY,0.01,333.0
92.7,W224AU,ALLENTOWN,PA,Classical,"WWFM, THE CLASSICAL NETWORK",0.007,
92.7,W224DW,GREENVILLE,PA,Adult Contemporary,GREENVILLE`S WGRP AM 940,0.1,
92.9,W225CF,READING,PA,Contemporary Hit Radio,MEGA 92.9/ 99.5,0.099,
92.9,W225CK,LEWISTOWN,PA,Oldies,BIG LEWIE 92.9 - 670,0.25,
93.1,W226AA,EASTON,PA,Classical,"WWFM, THE CLASSICAL NETWORK",0.15,-3.0
93.1,W226AS,SHERMANS DALE,PA,Religious Teaching,THE BRIDGE 91.3 FM & 93.1 FM,0.055,
93.1,W226BQ,GIRARD,PA,Contemporary Christian/Religious Teaching,"FAITH, FAMILY, FUN WCTL 106.3",0.038,4.6
93.1,W226CG,WELLSBORO,PA,Classic Hits,WOGA 92.3 - 93.1 - 93.5 FM,0.25,
93.3,W227BA,BEAR CREEK,PA,Contemporary Christian,WORD FM,0.01,475.3
93.3,W227DB,MCKEESPORT,PA,Talk,93.3 & 810 WEDO,0.05,
93.3,W227DV,STATE COLLEGE,PA,Contemporary Hit Radio,POP,0.25,
93.5,W228CH,TOWANDA,PA,Contemporary Christian,FAMILY LIFE NETWORK,0.01,
93.5,W228DM,MANSFIELD,PA,Classic Hits,WOGA 92.3 - 93.1 - 93.5 FM,0.25,
93.7,W229AO,FOGELSVILLE,PA,Rhythmic CHR,LOUD RADIO,0.021,-0.5
93.7,W229BY,HUMMELS WHARF,PA,Religious,GREAT SONGS OF THE FAITH,0.013,
93.9,W230AE,"BETHLEHEM, ETC.",PA,Contemporary Christian/Religious Teaching,GOOD NEWS 88,0.01,246.0
93.9,W230AG,EASTON,PA,Variety/News/Talk,LEHIGH VALLEY COMMUNITY PUBLIC RADIO,0.105,-7.0
93.9,W230AX,SHIPPENSBURG,PA,Country,COUNTRY GOLD FM,0.145,-27.3
93.9,W230BK,JOHNSTOWN,PA,Rock,ROCKY 99,0.175,
93.9,W230BM,WELLSBORO,PA,Contemporary Christian,FAMILY LIFE NETWORK,0.04,
93.9,W230CC,ALTOONA,PA,Religious Teaching,WAY TRUTH LIFE RADIO,0.01,393.9
93.9,W230CQ,YORK,PA,Talk,NEWSTALK 93.9,0.25,
93.9,W230DI,CLARKS SUMMIT,PA,Classic Hits,GEM 99 & 100,0.223,238.4
94.1,W231BM,PITTSBURGH,PA,Talk/Oldies,620 KHB,0.2,
94.1,W231DR,CLARION,PA,Country,BIGFOOT LEGENDS,0.25,
94.1,W231DW,CORRY,PA,Country,KICKIN` COUNTRY 1370,0.25,
94.1,W231EB,KINGSTON,PA,Sports,ESPN RADIO,0.127,
94.3,W232AM,STROUDSBURG,PA,Classical/News/Talk,WVIA PUBLIC RADIO,0.25,-56.5
94.5,W233BC,ASHLAND,PA,Contemporary Christian,WORD FM,0.01,
94.5,W233BS,ST. MARYS,PA,Adult Standards,CLASSY 1400 AND 94.5,0.25,235.3
94.5,W233CP,MILTON,PA,,,0.24,
94.7,W234AX,ALLENTOWN,PA,Sports,FOX SPORTS LEHIGH VALLEY,0.01,204.9
94.7,W234BH,Berwick,PA,Hot AC,POP RADIO,0.23,
94.7,W234CY,PITTSTON,PA,Religious Teaching,RADIO THAT CHANGES THE WAY YOU LIVE,0.2,
94.9,W235AA,WILKES-BARRE,PA,Classical/Jazz,TEMPLE UNIVERSITY PUBLIC RADIO,0.01,286.8
94.9,W235AD,POTTSVILLE,PA,Classical/News/Talk,WVIA PUBLIC RADIO,0.12,91.0
94.9,W235AP,RADNOR,PA,Contemporary Christian,WORD FM,0.002,
94.9,W235AT,COATESVILLE,PA,Religious Teaching,HOPE FM,0.004,
94.9,W235CE,PHILADELPHIA,PA,Religious Teaching,HOPE FM,0.074,
94.9,W235DC,DICKSON CITY,PA,Tropical,HOLA RADIO,0.25,222.7
95.1,W236CL,PHILADELPHIA,PA,Variety,,0.007,
95.3,W237DC,NEW HOLLAND,PA,Religious Teaching,HOPE FM,0.25,
95.3,W237DE,HARRISBURG,PA,Sports,SPORTS RADIO 96.5 FM | 95.3 FM | 1400 AM,0.25,
95.3,W237DP,MOUNTAIN TOP,PA,Classic Hits,GEM 99 & 100,0.099,262.5
95.3,W237EN,HANOVER,PA,Hot AC,HAPPY 92.7,0.25,
95.3,W237EW,WEST CHESTER,PA,Talk/Oldies,,0.24,
95.5,W238BD,TITUSVILLE,PA,Contemporary Christian,FAMILY LIFE NETWORK,0.25,-62.3
95.7,W239CE,SELINSGROVE,PA,Classical/News/Talk,WVIA PUBLIC RADIO,0.019,
95.7,W239CR,AMBRIDGE,PA,,,0.25,
96.1,W241AZ,SCRANTON,PA,Rock,FUZZ 96.1,0.08,228.5
96.1,W241BB,WILKES-BARRE,PA,Rock,FUZZ 96.1,0.034,251.8
96.1,W241CH,PHILADELPHIA,PA,Talk,WURD 96.1 FM - 900 AM,0.25,
96.1,W241CQ,ALTOONA,PA,Country,96.1 HANK-FM,0.25,
96.3,W242BY,CHAMBERSBURG,PA,Hot AC,POP RADIO,0.25,106.3
96.3,W242CU,ERIE,PA,Country,ERIE COUNTRY 97.9,0.173,
96.3,W242CY,BERWICK,PA,Hot AC,POP RADIO,0.25,
96.5,W243BR,HARRISBURG,PA,Sports,SPORTS RADIO 96.5 FM | 95.3 FM | 1400 AM,0.2,
96.5,W243BW,PITTSBURGH,PA,Religious Teaching,WPIT 96.5 FM-730 AM,0.25,
96.5,W243DS,COLUMBIA,PA,Religious,RADIO VISION CRISTIANA,0.05,
96.5,W243EB,COUDERSPORT,PA,Adult Standards,AMERICA'S BEST MUSIC,0.03,
96.7,W244CH,ROCKTON,PA,Talk/Sports,CONNECT FM,0.18,88.3
96.7,W244DX,ERIE,PA,Talk,ERIE'S NEWS TALK STATION - JET RADIO 1400,0.25,
96.7,W244DY,WARREN,PA,Hot AC,HAPPI 927,0.22,
96.9,W245AG,GLENSIDE,PA,Urban Gospel,REACH RADIO GOSPEL,0.019,111.7
96.9,W245CZ,ALTOONA,PA,Classic Hits,96.9 & 100.7 CLASSIC FAVORITES,0.25,
96.9,W245DB,LOCK HAVEN,PA,Oldies,AM 1230/FM 96.9 FM,0.25,
97.1,W246AA,"ALLENTOWN, ETC.",PA,Classical/Jazz,TEMPLE UNIVERSITY PUBLIC RADIO,0.01,166.1
97.1,W246AL,WELLSBORO,PA,Country,KC-101,0.25,
97.1,W246AR,BENSALEM,PA,Adult Standards,RADIO DELAWARE VALLEY,0.074,27.7
97.1,W246CN,COLMAR,PA,Religious,GREAT SONGS OF THE FAITH,0.25,
97.1,W246CS,CHESTER SPRINGS,PA,Religious Teaching,HOPE FM,0.01,
97.3,W247AE,EAST STROUDSBURG,PA,Country,BIGFOOT 96.7,0.25,
97.3,W247DF,BUTLER,PA,Country,BUTT KICKING COUNTRY 1050,0.25,
97.5,W248AR,MONROEVILLE,PA,Oldies,97.5 & 770 KFB,0.21,148.2
97.5,W248BP,SCRANTON,PA,Contemporary Christian,FAMILY LIFE NETWORK,0.25,
97.5,W248DJ,NEW CASTLE,PA,Country,WILLIE,0.25,
97.5,W248DK,BLOOMSBURG,PA,Classic Hits,HANNA 92.3/106.1,0.25,
97.7,W249AA,"LEBANON, ETC.",PA,Religious Teaching,TRUTH FM,0.145,243.0
97.7,W249AT,READING,PA,Classical/Jazz,TEMPLE UNIVERSITY PUBLIC RADIO,0.01,215.3
97.7,W249DD,HUNTINGDON,PA,Classic Hits,"WOWY 97.7, 101.7, 103.5, 105.7",0.108,
97.9,W250AP,CARLISLE,PA,Country,COUNTRY GOLD FM,0.15,23.3
97.9,W250BI,MANSFIELD,PA,Classic Rock,THE MET,0.068,
97.9,W250CP,LATROBE,PA,Classic Rock,103.1 KVE,0.25,
97.9,W250CW,NEW CASTLE,PA,Classic Hits,WUZZ RADIO,0.25,
97.9,W250CY,PITTSBURGH,PA,,BOOST RADIO,0.12,
98.1,W251CE,YORK,PA,Religious Teaching,RADIO THAT CHANGES THE WAY YOU LIVE,0.25,
98.1,W251CL,FRANKLIN,PA,Contemporary Hit Radio,POP 98.1/ 100.7,0.25,
98.5,W253CA,LANSDALE,PA,Classic Hits,WNPV 98.5 FM 1440 AM,0.25,
98.5,W253CC,BETHLEHEM,PA,Variety,SUNNY 1100,0.25,
98.5,W253CJ,ALTOONA,PA,Talk,NEWSTALK 98.5 WRTA,0.25,
98.5,W253CK,READING,PA,Rhythmic CHR,LOUD RADIO 98.5,0.1,
98.5,W253CU,CLEARFIELD,PA,Classic Hits,PASSPORT RADIO,0.2,
98.7,W254AJ,ERIE,PA,Contemporary Christian,FAMILY LIFE NETWORK,0.25,
98.7,W254BU,BROOKVILLE,PA,Adult Contemporary,SUNNY 106.5,0.25,160.9
98.7,W254CR,LATROBE,PA,Classic Hits,WESTMORELAND GOLD,0.18,
98.7,W254DD,EPHRATA,PA,Religious Teaching,TRUTH FM,0.009,
98.7,W254DF,BEDFORD,PA,Talk,1310 WBFD,0.07,
98.9,W255AE,WARREN,PA,News/Classical,Q-91.3,0.05,-49.0
98.9,W255BL,BLOOMSBURG,PA,Contemporary Christian,FAMILY LIFE NETWORK,0.24,
98.9,W255BO,SCRANTON,PA,Classic Hits,GEM 99 & 100,0.154,
98.9,W255DJ,YORK,PA,Sports,SPORTSRADIO 98.9 AND WOYK 1350,0.25,
98.9,W255DM,MCKEESPORT,PA,Urban Gospel,POWER 1360,0.25,
99.1,W256AB,POTTSVILLE,PA,Classical/Jazz,TEMPLE UNIVERSITY PUBLIC RADIO,0.1,107.0
99.1,W256AL,NORTH EAST,PA,Contemporary Christian/Religious Teaching,"FAITH, FAMILY, FUN WCTL 106.3",0.025,-4.1
99.1,W256DE,PITTSBURGH,PA,Talk,TALK RADIO 1320 WJAS,0.099,
99.3,W257AI,ALLENTOWN,PA,Classical/News/Talk,WVIA PUBLIC RADIO,0.004,195.0
99.3,W257EA,BEAVER FALLS,PA,Talk,BEAVER COUNTY RADIO,0.25,
99.5,W258DJ,HAZLETON,PA,Tropical,HOLA RADIO,0.055,
99.5,W258DV,EASTON,PA,Rhythmic CHR,LOUD RADIO,0.09,
99.7,W259AU,HARRISBURG,PA,Adult Alternative,XPN 88.5,0.01,209.2
99.7,W259BU,YORK,PA,Classical/Jazz,TEMPLE UNIVERSITY PUBLIC RADIO,0.019,67.1
99.7,W259CB,TEMPLE,PA,Contemporary Christian,WORD FM,0.099,
99.7,W259DC,DUBOIS,PA,Talk/Sports,CONNECT FM,0.25,
99.7,W259DG,ALTOONA,PA,Classic Hits,"WOWY 97.7, 101.7, 103.5, 105.7",0.25,
99.9,W260AN,TROY,PA,Adult Contemporary,YES FM,0.25,
99.9,W260CC,LANCASTER,PA,News/Talk,WITF - LIVE INSPIRED,0.038,60.1
99.9,W260CZ,PHILADELPHIA,PA,Tropical,LA KALLE 99.9,0.05,
99.9,W260DV,WILKES-BARRE,PA,Classic Hits,GEM 99 & 100,0.25,
100.1,W261AX,PITTSBURGH,PA,News/Talk,100.1 FM AND 1020 AM KDKA,0.099,147.8
100.1,W261CA,LEWISBURG,PA,Classical/News/Talk,WVIA PUBLIC RADIO,0.25,-11.3
100.1,W261DQ,HAZLETON,PA,Classic Hits,GEM 99 & 100,0.055,189.0
100.3,W262AI,"FORTY FORT, ETC.",PA,Contemporary Christian/Religious Teaching,GOOD NEWS 88,0.01,279.0
100.3,W262CU,INDIANA,PA,Classic Hits,CLASSIC HITS 1450 AM,0.25,
100.3,W262CW,HARRISBURG,PA,Religious Teaching,HOPE FM,0.25,
100.3,W262DL,SHIPPENSBURG,PA,Country,RED 102.3,0.25,
100.3,W262DO,LEWISTOWN,PA,Soft AC,WKVA GOLD HITS,0.25,
100.5,W263AG,WILLIAMSPORT,PA,Religious Teaching,LIGHT FOR LIFE . . . WJSA!,0.016,320.0
100.5,W263AL,SCRANTON,PA,Hot AC,MIX FM,0.099,
100.5,W263AW,JOHNSTOWN,PA,News/Talk,PITTSBURGH`S NPR NEWS STATION,0.01,340.4
100.5,W263DB,LANCASTER,PA,Contemporary Hit Radio,RUMBA 100.5,0.25,
100.7,W264AT,WARREN,PA,Contemporary Christian,FAMILY LIFE NETWORK,0.21,
100.7,W264BZ,TYRONE,PA,Classic Hits,96.9 & 100.7 CLASSIC FAVORITES,0.25,
100.7,W264CG,WILKES-BARRE,PA,Classic Hits,THE RIVER 105 & 103.5,0.099,-42.7
100.7,W264DK,MEADVILLE,PA,Contemporary Hit Radio,POP 98.1 & 100.7,0.25,
100.9,W265BB,BRADFORD,PA,News/Talk/Classical,PUBLIC RADIO FOR CENTRAL PENNSYLVANIA,0.05,-107.0
100.9,W265CU,SCRANTON,PA,Contemporary Christian,WORD FM,0.025,-88.4
100.9,W265DI,PUNXSUTAWNEY,PA,Country,GROUNDHOG COUNTRY,0.25,
100.9,W265DU,WAYNESBORO,PA,Sports,FOX SPORTS MASON-DIXON LINE,0.25,
100.9,W265EK,TUNKHANNOCK,PA,Classic Hits,GEM 99 & 100,0.25,
101.1,W266CV,BRADDOCK,PA,Jazz,PITTSBURGH JAZZ CHANNEL,0.099,
101.1,W266CZ,HOMER CITY,PA,News/Talk/Sports,THE VOICE OF INDIANA COUNTY,0.25,
101.1,W266DB,UNIONTOWN,PA,Talk,WMBS 590AM - 101.1FM,0.25,
101.3,W267CM,JOHNSTOWN,PA,Adult Hits,107.1 & 101.3 JACK FM,0.25,
101.5,W268BB,STATE COLLEGE,PA,Variety,,0.069,141.9
101.5,W268BL,"MIFFLINVILLE, ETC.",PA,Contemporary Christian/Religious Teaching,GOOD NEWS 88,0.001,302.9
101.5,W268CJ,CORRY,PA,Contemporary Christian,FAMILY LIFE NETWORK,0.25,
101.7,W269AS,"CARLISLE, ETC.",PA,Contemporary Christian,K-LOVE,0.16,
101.7,W269BL,COATESVILLE,PA,Contemporary Christian,WORD FM,0.003,26.3
101.7,W269BT,POTTSTOWN,PA,Religious Teaching,HOPE FM,0.015,10.2
101.7,W269BX,HILLSVILLE,PA,Religious Teaching,,0.01,97.3
101.7,W269DX,WILLIAMSPORT,PA,Talk,TWIN VALLEY TALK RADIO,0.25,
101.7,W269DY,ALLENTOWN,PA,Spanish Hits,LA MEGA,0.004,
101.7,W269EC,DUBOIS,PA,Classic Hits,PASSPORT RADIO,0.25,37.9
101.9,W270CC,HAMLIN,PA,News/Talk,"WAYNE-PIKE NEWS RADIO 1590, 104.3 & 101.9",0.19,
102.1,W271BP,MONTOURSVILLE,PA,Classic Hits,93.3 WBZD CLASSIC HITS,0.09,
102.1,W271CW,PITTSBURGH,PA,Talk/Oldies,620 KHB,0.025,
102.1,W271DA,ELIZABETHTOWN,PA,Oldies,SWEET 16 WPDC,0.14,
102.3,W272BO,COUDERSPORT,PA,Contemporary Christian,FAMILY LIFE NETWORK,0.01,137.4
102.9,W275CU,AVONIA,PA,Oldies,BOOMER TUNES 1360,0.16,
102.3,W272DV,LOCK HAVEN,PA,Contemporary Christian,FAMILY LIFE NETWORK,0.25,
102.3,W272ED,LEWISBURG,PA,Country,BIGFOOT LEGENDS,0.242,
102.3,W272EN,STATE COLLEGE,PA,Contemporary Christian,WGRC CHRISTIAN RADIO,0.01,269.4
102.5,W273BE,HUNTINGDON,PA,News/Talk/Classical,PUBLIC RADIO FOR CENTRAL PENNSYLVANIA,0.055,25.3
102.5,W273BP,NEWVILLE,PA,Contemporary Christian,THE COMPASS,0.055,-42.0
102.5,W273DM,HAWLEY,PA,News/Talk,"WAYNE-PIKE NEWS RADIO 1590, 104.3 & 101.9",0.25,
102.7,W274AO,CARBONDALE,PA,Classic Rock,ROCK 107,0.25,-78.3
102.7,W274BE,"ALTOONA, ETC.",PA,Christian CHR + Rock,REV FM,0.009,397.3
102.9,W275CV,JOHNSTOWN,PA,Oldies,KOOL,0.099,
102.9,W275CJ,CARLISLE,PA,Oldies,102.9 HYL-FM,0.16,
103.1,W276AS,"MARTINSBURG, ETC.",PA,Religious Teaching/Southern Gospel,HEAVEN 92.7,0.02,159.7
103.1,W276DG,STROUDSBURG,PA,Classic Hits,POCO 103,0.25,
103.3,W277BJ,WILLIAMSPORT,PA,Contemporary Christian,FAMILY LIFE NETWORK,0.25,
103.3,W277DL,CHESTER,PA,Talk,LIBERTY RADIO,0.25,
103.3,W277DS,ERIE,PA,Talk,TALK ERIE!,0.2,
103.5,W278AI,CENTER VALLEY,PA,Contemporary Christian,WORD FM,0.01,299.8
103.5,W278AK,VILLAGE GREEN,PA,Urban Gospel,REACH RADIO GOSPEL,0.08,79.0
103.5,W278AO,WELLSBORO,PA,Classical/News/Talk,WVIA PUBLIC RADIO,0.055,-23.6
103.5,W278BR,POTTSTOWN,PA,Religious,GREAT SONGS OF THE FAITH,0.2,51.2
103.5,W278CR,SOMERSET,PA,Country,FROGGY 95.5,0.25,
103.7,W279AB,CLEARFIELD,PA,Contemporary Christian,FAMILY LIFE NETWORK,0.175,45.0
103.7,W279DN,KITTANNING,PA,Classic Hits,THE RIVER,0.23,
103.7,W279BS,HAMBURG,PA,Contemporary Christian,WORD FM,0.2,298.6
103.7,W279CB,READING,PA,Sports,,0.006,239.5
103.7,W279DC,RED HILL,PA,Religious,GREAT SONGS OF THE FAITH,0.03,
103.7,W279DK,STATE COLLEGE,PA,Country,BIGFOOT COUNTRY LEGENDS,0.25,
103.7,W279EC,HARRISBURG,PA,Talk,,0.13,
103.9,W280CP,WAGONTOWN,PA,Religious Teaching,HOPE 94.5,0.005,10.0
103.9,W280FG,PITTSBURGH,PA,Religious Teaching,RADIO THAT CHANGES THE WAY YOU LIVE,0.008,
103.9,W280FJ,BLOOMSBURG,PA,Contemporary Hit Radio,98.5 KRZ,0.25,
104.1,W281AH,SOMERSET,PA,News/Talk,PITTSBURGH`S NPR NEWS STATION,0.013,72.7
104.1,W281AI,LIGONIER,PA,News/Talk,PITTSBURGH`S NPR NEWS STATION,0.013,17.4
93.7,W229DM,WILLIAMSPORT,PA,Country,BIGFOOT COUNTRY,0.25,
104.1,W281CA,OIL CITY,PA,Sports,1120 FOX SPORTS,0.25,
104.1,W281CO,JERSEY SHORE,PA,Country,BIGFOOT LEGENDS,0.25,
104.3,W282BF,HONESDALE,PA,News/Talk,"WAYNE-PIKE NEWS RADIO 1590, 104.3 & 101.9",0.11,121.0
104.3,W282BR,ERIE,PA,Urban Contemporary,LOUD 103.7,0.173,25.6
104.3,W282CO,BLOOMSBURG,PA,Hot AC,POP RADIO,0.25,
104.3,W282CV,STATE COLLEGE,PA,Country,BIGFOOT COUNTRY LEGENDS,0.25,
104.5,W283BE,SCRANTON,PA,Classic Rock,ROCK 107,0.194,
104.5,W283CX,JOHNSTOWN,PA,Hot AC,POP! 104.5,0.15,
104.5,W283DI,ALTOONA,PA,Hot AC,POP RADIO 104.5,0.25,
104.7,W284AK,CLEARFIELD,PA,News/Talk/Classical,PUBLIC RADIO FOR CENTRAL PENNSYLVANIA,0.05,-97.0
104.7,W284BF,LANCASTER,PA,Religious Teaching,HOPE 94.5,0.2,
104.7,W284BG,LEWISBURG,PA,Contemporary Christian,FAMILY LIFE NETWORK,0.25,
104.7,W284CB,ST. CLAIR,PA,Contemporary Christian,WGRC CHRISTIAN RADIO,0.15,182.5
104.9,W285DH,N. WHITEHALL TOWNSHI,PA,Adult Alternative,XPN 88.5,0.013,105.0
104.9,W285FT,HAZLETON,PA,Classic Hits,THE RIVER 105 & 103.5,0.25,
105.1,W286AL,WAYNESBURG,PA,Country,105.1-1210 WANB COOL COUNTRY,0.13,191.0
105.1,W286CZ,GREENSBURG,PA,Oldies,97.5 & 770 KFB,0.12,
105.3,W287DC,TITUSVILLE,PA,Classic Hits,WUZZ RADIO,0.25,
105.5,W288BE,WILKES-BARRE,PA,Adult Alternative,89-X,0.01,
105.5,W288BO,PITTSBURGH,PA,Country,FROGGY 104,0.04,
105.5,W288DF,MOUNT POCONO,PA,Classic Rock,ROCK 107,0.055,
105.7,W289AH,BETHLEHEM,PA,Classical/News/Talk,WVIA PUBLIC RADIO,0.099,9.5
105.7,W289AI,SUNBURY,PA,Classical/News/Talk,WVIA PUBLIC RADIO,0.011,91.0
105.7,W289CV,MONTOURSVILLE,PA,Country,TALK RADIO,0.25,
105.7,W289CZ,LANSDALE,PA,Adult Standards,RADIO DELAWARE VALLEY,0.072,
105.9,W290BI,ERIE,PA,Talk,TALK ERIE!,0.18,
105.9,W290DP,POTTSVILLE,PA,Adult Contemporary/Talk,YOUR NEWS AND SPORTS LEADER,0.25,
106.1,W291AP,SCRANTON,PA,Classical/Jazz,TEMPLE UNIVERSITY PUBLIC RADIO,0.01,371.1
106.1,W291BC,FIVE FORKS,PA,Contemporary Christian,WORD FM,0.17,
106.1,W291CK,MEADVILLE,PA,News/Classical,Q-91.3,0.019,82.7
106.3,W292DH,PITTSBURGH,PA,Religious,RELEVANT RADIO,0.25,
106.3,W292EQ,LEHIGH TOWNSHIP,PA,Religious Teaching,YOUR STATION FOR INSPIRATION,0.038,
106.3,W292ET,LANCASTER,PA,Classical/Jazz,TEMPLE UNIVERSITY PUBLIC RADIO,0.08,
106.3,W292FD,READING,PA,Religious Teaching,TRUTH FM,0.01,
106.3,W292FM,UNIONTOWN,PA,Country,105.1-1210 WANB COOL COUNTRY,0.035,
106.5,W293BW,ALLENTOWN,PA,Contemporary Hit Radio,B104,0.25,
106.5,W293CP,KUTZTOWN,PA,Religious Teaching,YOUR STATION FOR INSPIRATION,0.18,
106.5,W293DF,BEDFORD,PA,Adult Standards,RAX 106.5,0.25,
106.7,W294AE,ALTOONA,PA,News/Talk/Classical,PUBLIC RADIO FOR CENTRAL PENNSYLVANIA,0.01,414.0
106.7,W294BJ,HONESDALE,PA,Oldies,THE MOTHERSHIP,0.25,53.9
106.7,W294BQ,EASTON,PA,Variety,YOUR NEIGHBOR SERVING YOU,0.109,
106.9,W295AQ,MILFORD,PA,Adult Contemporary,LITE 106.9,0.25,58.6
106.9,W295CR,ALLENTOWN,PA,Rhythmic CHR,LOUD RADIO,0.099,
106.9,W295CV,HAZLETON,PA,Sports,ESPN RADIO,0.035,
107.1,W296AP,WILLIAMSPORT,PA,Contemporary Christian,WGRC CHRISTIAN RADIO,0.01,327.0
107.1,W296BW,ERIE,PA,Business,YOUR MONEY STATION,0.25,8.6
107.1,W296CD,JONESTOWN,PA,Hot AC,POP RADIO,0.2,
107.1,W296CL,READING,PA,Regional Mexican,,0.01,
107.1,W296EA,MANCHESTER TOWNSHIP,PA,Spanish Hits,MEGA 107.1,0.25,
107.1,W296ED,ALTOONA,PA,Adult Hits,107.1 JACK FM,0.094,
107.3,W297AD,PHILADELPHIA,PA,Adult Standards,RADIO DELAWARE VALLEY,0.02,43.7
107.3,W297AF,SCRANTON,PA,Classic Rock,ROCK 107,0.25,-70.0
107.3,W297BG,ULSTER,PA,Country,"96-104-107 FM, BIGFOOT COUNTRY",0.235,143.1
107.3,W297BU,PITTSBURGH,PA,Urban Contemporary,,0.25,
107.3,W297CL,LEVITTOWN,PA,Adult Standards/Talk,,0.15,
107.3,W297CO,CARLISLE,PA,Country,COUNTRY GOLD FM,0.25,
107.5,W298CM,BRADFORD,PA,Adult Contemporary/Talk,NEWSRADIO 1490,0.25,
107.5,W298CR,MEXICO,PA,Classic Rock,99.5 THE BUS,0.21,
107.5,W298CW,BUTLER,PA,Talk,WISR 680 AM/107.5 FM,0.25,
107.5,W298DH,LATROBE,PA,Oldies,WESTMORELAND GOLD,0.25,
107.5,W298DJ,MUNCY,PA,Country,BIGFOOT COUNTRY,0.25,92.0
107.7,W299AF,CATAWISSA,PA,Contemporary Christian,WGRC CHRISTIAN RADIO,0.005,280.0
107.7,W299CM,ATHENS,PA,Adult Contemporary,VALLEY 107.7,0.25,
107.9,W300BR,DU BOIS,PA,Adult Contemporary,SUNNY 106.5,0.25,42.1
107.9,W300BT,HAZLETON,PA,Contemporary Hit Radio,B 104,0.25,
107.9,W300BX,WELLSBORO,PA,Classic Rock,THE MET,0.25,-100.1
107.9,W300BZ,READING,PA,Religious Teaching,HOPE 94.5,0.25,239.5
107.9,W300DQ,CARBONDALE,PA,Oldies,THE MOTHERSHIP,0.25,
104.1,WAEB-FM,ALLENTOWN,PA,Contemporary Hit Radio,B 104,50.0,152.0
95.9,WAKZ,SHARPSVILLE,PA,Urban Contemporary,REAL 95.9,6.0,100.0
100.1,WALY,ALTOONA,PA,Hot AC,HOT 100,3.0,291.0
106.7,WAOB-FM,BEAVER FALLS,PA,Religious Teaching,WE ARE ONE BODY 106.7,37.0,169.0
90.3,WARC,MEADVILLE,PA,Variety,,0.4,20.0
103.3,WARM-FM,YORK,PA,Adult Contemporary,WARM 103.3,6.4,398.0
101.9,WAVT-FM,POTTSVILLE,PA,Hot AC,T-102,29.0,171.0
89.5,WAWN,FRANKLIN,PA,Religious Teaching,AMERICAN FAMILY RADIO,2.0,96.0
100.9,WAYC,BEDFORD,PA,Hot AC,STAR 100.9,0.19,390.0
101.5,WAYZ,WAYNESBORO,PA,Rock,101.5 BOB ROCKS,50.0,70.0
100.3,WBBY-LP,BERWICK,PA,Religious Teaching,,0.1,-62.852604
101.1,WBEB,PHILADELPHIA,PA,Adult Contemporary,B101,14.0,287.0
95.7,WBEN-FM,PHILADELPHIA,PA,Adult Hits,95.7 BEN FM,8.9,350.0
88.1,WBGM,NEW BERLIN,PA,Contemporary Christian/Religious Teaching,,0.55,127.0
95.7,WBHD,OLYPHANT,PA,Country,CAT COUNTRY,0.6,308.0
97.1,WBHT,MOUNTAIN TOP,PA,Contemporary Hit Radio,HOT 97.1 / 95.7,0.5,336.0
95.3,WBLJ-FM,SHAMOKIN,PA,Country,BILL 95,1.25,154.0
91.7,WBMR,TELFORD,PA,Religious Teaching,,0.5,77.0
94.7,WBRX,CRESSON,PA,Adult Contemporary,MIX 94.7,0.97,242.0
100.1,WBRR,BRADFORD,PA,Rock,THE HERO 100.1,1.65,160.0
97.9,WBSX,HAZLETON,PA,Rock,97.9 X ROCKS,6.3,407.0
107.9,WBTB-LP,ERIE,PA,Religious Teaching,WINNING OTHERS TO JESUS,0.1,4.6
99.5,WBUS,CENTRE HALL,PA,Classic Rock,99.5 THE BUS,0.85,417.0
107.5,WBVE,BEDFORD,PA,Classic Rock,B-ROCK 107.5,0.37,399.0
97.5,WBWE-LP,WILKES BARRE,PA,Variety,,0.006,120.0
94.3,WBXQ,PATTON,PA,Classic Rock,Q94,2.1,167.0
94.3,WBXQ-FM1,ALTOONA,PA,Classic Rock,Q-94,0.005,
89.1,WBYH,HAWLEY,PA,Contemporary Christian,WORD FM,0.7,165.0
95.5,WBYL,SALLADASBURG,PA,Rock,ROCK 95.5,3.9,73.0
107.5,WBYN-FM,BOYERTOWN,PA,Contemporary Christian/Religious Teaching,107.5 ALIVE,30.0,186.0
88.9,WBYO,SELLERSVILLE,PA,Contemporary Christian,WORD FM,0.9,
88.7,WBYX,STROUDSBURG,PA,Contemporary Christian,WORD FM,4.0,242.0
93.3,WBZD-FM,MUNCY,PA,Classic Hits,93.3 WBZD CLASSIC HITS,1.4,390.0
100.7,WBZZ,NEW KENSINGTON,PA,Hot AC,STAR 100.7 YOUR MUSIC STATION,14.5,280.0
91.9,WCAL,CALIFORNIA,PA,Unknown,,2.5,54.0
102.3,WCAT-FM,CARLISLE,PA,Country,RED 102.3,3.0,100.0
92.7,WCCR-FM,CLARION,PA,Hot AC,POP RADIO,3.0,85.0
91.5,WCDH,SHENANDOAH,PA,Contemporary Christian,FAMILY LIFE NETWORK,1.2,219.0
91.3,WCDJ,TUNKHANNOCK,PA,Contemporary Christian,FAMILY LIFE NETWORK,0.25,349.5
90.3,WCDN-FM,RIDGEBURY,PA,Contemporary Christian,FAMILY LIFE NETWORK,4.0,160.5
90.9,WCDR,LAPORTE,PA,Contemporary Christian,FAMILY LIFE NETWORK,0.25,116.0
90.1,WCDV-FM,TROUT RUN,PA,Contemporary Christian,FAMILY LIFE NETWORK,0.35,90.0
106.5,WCFT-FM,BLOOMSBURG,PA,Country,BIGFOOT COUNTRY,10.5,313.0
100.9,WCGE,NORTH EAST TOWNSHIP,PA,,FAMILY LIFE NETWORK,4.6,236.0
106.1,WCGH,FARMINGTON TOWNSHIP,PA,Contemporary Christian,FAMILY LIFE NETWORK,3.5,133.0
89.3,WCGM,Columbus,PA,,,4.0,154.0
88.7,WCGT,CLINTONVILLE,PA,Contemporary Christian,FAMILY LIFE NETWORK,2.9,141.0
89.9,WCGV,CAMBRIDGE SPRINGS,PA,Contemporary Christian,FAMILY LIFE NETWORK,25.0,150.0
105.5,WCHX,LEWISTOWN,PA,Classic Rock,THE JUNIATA'S ROCK STATION,0.47,249.0
90.7,WCLH,WILKES-BARRE,PA,Adult Alternative,,0.205,296.0
88.5,WCOA-FM,JOHNSTOWN,PA,Religious Teaching,FAMILY RADIO,10.0,257.0
88.3,WCOB,STATE COLLEGE,PA,Contemporary Christian,FAMILY LIFE NETWORK,2.0,172.0
100.7,WCOG-FM,GALETON,PA,Contemporary Christian,FAMILY LIFE NETWORK,24.0,102.0
107.3,WCOH,DU BOIS,PA,Contemporary Christian,FAMILY LIFE NETWORK,18.5,247.0
103.9,WCOP,ELDRED,PA,Contemporary Christian,FAMILY LIFE NETWORK,1.2,224.7
96.7,WCOR-FM,Lewis Run,PA,Religious Teaching,FAMILY LIFE NETWORK,2.85,147.0
91.7,WCOZ,NEW ALBANY,PA,Religious Teaching,EWTN,1.8,124.0
90.7,WCRG,WILLIAMSPORT,PA,Contemporary Christian,WGRC CHRISTIAN RADIO,1.4,-38.0
104.9,WCSD-LP,SHAWNEE-ON-DELAWARE,PA,Religious Teaching,,0.1,26.0
106.3,WCTL,ERIE,PA,Contemporary Christian/Religious Teaching,"FAITH, FAMILY, FUN WCTL 106.3",0.86,262.1
96.1,WCTO,EASTON,PA,Country,CAT COUNTRY,43.0,160.0
91.7,WCUC-FM,CLARION,PA,Adult Alternative,,3.2,97.0
91.7,WCUR,WEST CHESTER,PA,Variety,THE CURVE,0.1,
103.7,WCXR,LEWISBURG,PA,Rock,SUSQUEHANNA VALLEY'S HOME OF ROCK & ROLL,0.95,244.0
99.5,WCYJ-FM,WAYNESBURG,PA,Hot AC,,0.007,-1.0
94.5,WDAC,LANCASTER,PA,Religious Teaching,WDAC 94.5 HOPE 94.5 HD2,19.0,247.0
105.3,WDAS-FM,PHILADELPHIA,PA,Urban AC,,16.5,266.0
106.3,WDBF-FM,MOUNT UNION,PA,Country,92.5 106.3 BIGFOOT COUNTRY,0.12,439.0
88.3,WDCV-FM,CARLISLE,PA,Variety,88.3 THE VOICE OF DICKINSON COLLEGE,0.45,-13.0
97.5,WDDH,ST. MARYS,PA,Country,THE HOUND 97.5,19.5,244.0
88.1,WDIY,ALLENTOWN,PA,Variety/News/Talk,LEHIGH VALLEY COMMUNITY PUBLIC RADIO,0.3,
101.5,WDKC,COVINGTON,PA,Country,KC-101.5,1.9,181.0
95.3,WDNH-FM,HONESDALE,PA,Contemporary Hit Radio,95.3 THE RAIL,1.65,139.0
106.5,WDSN,REYNOLDSVILLE,PA,Adult Contemporary,SUNNY 106.5,6.0,100.0
107.9,WDSY-FM,PITTSBURGH,PA,Country,Y-108 PITTSBURGH,17.5,252.0
102.5,WDVE,PITTSBURGH,PA,Rock,WDVE ROCKS,55.0,250.0
103.7,WEEO-FM,MCCONNELLSBURG,PA,Talk,FM TALK 103.7,0.135,474.0
88.1,WEFR,ERIE,PA,Religious Teaching,FAMILY RADIO,0.63,131.0
107.3,WEGH,NORTHUMBERLAND,PA,Classic Hits,THE CLASSIC HITS STATION,0.9,257.0
104.7,WEJO-LP,STATE COLLEGE,PA,Religious Teaching,,0.1,-11.293289
92.7,WEMR-LP,CHAMBERSBURG,PA,Variety,,0.1,25.0
92.7,WENI-FM,SOUTH WAVERLY,PA,Classic Rock,THE MET,1.25,221.0
90.5,WERG,ERIE,PA,Rock,90.5 WERG,2.75,114.0
102.7,WERI,WATTSBURG,PA,Classic Hits,LECOM RADIO 88.5,3.5,132.0
90.5,WESA,PITTSBURGH,PA,News/Talk,PITTSBURGH`S NPR NEWS STATION,25.0,146.0
90.3,WESS,EAST STROUDSBURG,PA,Variety,ESU'S RADIO STATION 90.3,1.0,-42.0
99.1,WEVB-LP,HAZLETON,PA,Religious,,0.012,88.0
90.9,WEVW,ELYSBURG,PA,Religious,GREAT SONGS OF THE FAITH,0.23,283.0
106.9,WEZX,SCRANTON,PA,Classic Rock,ROCK 107,1.45,188.0
90.5,WFBA,KULPMONT,PA,Southern Gospel,,1.0,182.0
90.5,WFBM,BEAVER SPRINGS,PA,Southern Gospel,,0.07,380.0
90.1,WFBV,SELINSGROVE,PA,Southern Gospel,,1.45,106.0
101.1,WFGE,STATE COLLEGE,PA,Country,BIG FROGGY 101,8.5,357.0
95.5,WFGI-FM,JOHNSTOWN,PA,Country,FROGGY 95,57.0,323.0
98.1,WFGY,ALTOONA,PA,Country,FROGGY,30.0,287.0
89.1,WFNM,LANCASTER,PA,Adult Alternative,,0.1,46.0
88.9,WFSE,EDINBORO,PA,Adult Alternative,88.9 FIGHTING SCOTS RADIO,3.0,91.0
105.1,WFSH-FM,SHEFFIELD,PA,Contemporary Christian,K-LOVE,6.0,72.0
103.7,WFSJ-LP,INDIANA,PA,Religious,1037 THE SWITCH,0.052,41.0
100.1,WFVY,LEBANON,PA,Country,FROGGY VALLEY 100.1,1.85,182.0
92.9,WGGT-LP,PHILADELPHIA,PA,Variety,,0.015,77.0
101.3,WGGY,SCRANTON,PA,Country,FROGGY 101,7.0,365.0
101.3,WGGY-FM1,HONESDALE,PA,Country,FROGGY 101,0.02,
101.3,WGGY-FM2,EAST STROUDSBURG,PA,Country,FROGGY 101,0.002,
101.3,WGGY-FM3,HAZLETON,PA,Country,FROGGY 101,0.014,
97.1,WGJC,UNIVERSITY PARK,PA,Contemporary Christian,WGRC CHRISTIAN RADIO,2.0,123.0
91.3,WGRC,LEWISBURG,PA,Contemporary Christian,WGRC CHRISTIAN RADIO,3.0,98.0
107.7,WGTY,GETTYSBURG,PA,Country,FROGGY 107.7,16.0,259.0
98.5,WGYI,OIL CITY,PA,Country,FROGGY 98.5 & 100.3,20.0,91.0
100.3,WGYY,MEADVILLE,PA,Country,FROGGY 98.5 & 100.3,20.0,179.0
93.1,WHBI-LP,GRANTVILLE,PA,Variety,,0.004,148.0
89.1,WHYU-FM,MEYERSDALE,PA,,,1.6,24.0
100.3,WHGL-FM,CANTON,PA,Country,WIGGLE 100,3.6,265.0
88.1,WHHN,HOLLIDAYSBURG,PA,Religious Teaching,RADIO MARIA,0.85,412.1
99.9,WHHS,HAVERTOWN,PA,Adult Alternative,,0.0095,49.0
106.5,WHII-LP,WARMINSTER,PA,Ethnic,RADIO PHILADELPHIA,0.016,75.0
107.1,WHJB,GREENSBURG,PA,Classic Hits,CLASSIC HITS 107.1,2.3,163.0
99.3,WHKF,HARRISBURG,PA,Urban Contemporary,REAL 99.3,1.35,207.0
94.9,WHKS,PORT ALLEGANY,PA,Adult Contemporary,K 94,1.15,231.0
99.3,WHMJ,FRANKLIN,PA,Classic Hits,WUZZ RADIO,7.3,183.0
107.3,WHMN-LP,PLYMOUTH,PA,Religious Teaching,,0.01,95.0
92.3,WHNA,RIVERSIDE,PA,Classic Hits,HANNA 92.3 & 106.1,0.93,254.0
91.1,WHSK,BLOOMSBURG,PA,Variety,THE HUSKY,0.6,-22.0
103.5,WHUN-FM,HUNTINGDON,PA,Classic Hits,WOWY 97.1 97.7 103.5,0.15,441.0
98.9,WHYP-LP,CORRY,PA,Adult Alternative,CORRY`S RADIO ALTERNATIVE,0.1,17.0
90.9,WHYY-FM,PHILADELPHIA,PA,News/Talk,WHYY,13.5,280.0
92.5,WIBF,MEXICO,PA,Country,92.5 106.3 BIGFOOT COUNTRY,0.31,433.0
92.7,WICU-FM,LAWRENCE PARK,PA,Hot AC,HAPPI 927,6.0,3.0
102.1,WIFT,DU BOIS,PA,Country,BIGFOOT COUNTRY,28.0,202.0
92.1,WIKG,MERCERSBURG,PA,Rock,BOB ROCKS,4.0,90.0
95.1,WIKZ,CHAMBERSBURG,PA,Hot AC,MIX 95.1,50.0,137.0
103.1,WILK-FM,AVOCA,PA,News/Talk,THE WILK NETWORK,6.0,22.0
105.1,WILQ,WILLIAMSPORT,PA,Country,MORE CONTINUOUS COUNTRY FAVORITES,6.8,390.0
102.1,WIOQ,PHILADELPHIA,PA,Contemporary Hit Radio,Q-102,27.0,204.0
105.1,WIOV-FM,EPHRATA,PA,Country,THE BIG I 105,25.0,214.0
94.1,WIP-FM,PHILADELPHIA,PA,Sports,SPORTS RADIO 94WIP,9.6,338.0
89.5,WITF-FM,HARRISBURG,PA,News/Talk,LIVE INSPIRED,5.9,415.0
90.1,WIUP-FM,INDIANA,PA,Variety,YOUR ALTERNATIVE SOURCE,1.5,27.0
91.7,WIXQ,MILLERSVILLE,PA,Variety,THE VILLE 91.7 FM,0.1,15.0
91.7,WJAZ,SUMMERDALE,PA,Classical/Jazz,TEMPLE UNIVERSITY PUBLIC RADIO,1.0,214.0
89.3,WJCS,ALLENTOWN,PA,Religious Teaching,YOUR STATION FOR INSPIRATION,0.12,279.0
92.1,WJHT,JOHNSTOWN,PA,Hot AC,POP! 104.5,0.58,318.0
100.5,WJNG,JOHNSONBURG,PA,Classic Rock,MEGA ROCK,1.3,203.0
93.3,WJOB-FM,SUSQUEHANNA,PA,Urban Contemporary,,1.9,170.0
95.3,WJPA-FM,WASHINGTON,PA,Classic Hits,GREATEST HITS WJPA,2.15,119.0
90.9,WJRC,LEWISTOWN,PA,Contemporary Christian,WGRC CHRISTIAN RADIO,0.094,394.0
104.9,WJRH,EASTON,PA,Adult Alternative,LAFAYETTE COLLEGE RADIO,0.008,7.0
96.3,WJSA-FM,JERSEY SHORE,PA,Contemporary Christian/Religious Teaching,LIGHT FOR LIFE...WJSA!,2.65,306.0
92.7,WJSM-FM,MARTINSBURG,PA,Religious Teaching,HEAVEN 92.7,1.9,180.0
90.3,WJTL,LANCASTER,PA,Contemporary Christian,,12.0,141.0
90.3,WJVM,BELLEFONTE,PA,Religious Teaching,VOICE OF DIVINE MERCY,1.95,365.0
98.5,WJYN-LP,NORTH PHILADELPHIA,PA,Variety,,0.1,26.906477
93.9,WKBI-FM,ST. MARYS,PA,Hot AC,B 94,2.35,244.0
95.9,WKBP,BENTON,PA,Contemporary Christian,K-LOVE,4.2,117.0
103.5,WKCV-LP,LA PLUME,PA,Variety,,0.1,8.316521
91.7,WKDU,PHILADELPHIA,PA,Adult Alternative,WKDU PHILADELPHIA 91.7,0.8,47.0
101.3,WKFT,STRATTANVILLE,PA,Country,BIGFOOT LEGENDS,4.3,115.0
88.1,WKGO,MURRYSVILLE,PA,Easy Listening,,1.0,92.0
92.1,WKHL,PALMYRA,PA,Contemporary Christian,K-LOVE,1.5,183.2
88.5,WKHW,HALIFAX,PA,Contemporary Christian,K-LOVE,1.4,108.0
107.9,WKPA,PORT MATILDA,PA,Contemporary Christian,K-LOVE,0.45,358.0
92.1,WKPL,ELLWOOD CITY,PA,Classic Hits,THE PICKLE,2.5,156.0
90.7,WKPS,STATE COLLEGE,PA,Variety,THE LION 90.7 FM,0.1,26.0
103.3,WKQL,BROOKVILLE,PA,Classic Hits,KOOL 103.3,10.5,151.0
107.9,WKRF,TOBYHANNA,PA,Contemporary Hit Radio,98.5 KRZ,0.83,267.7
98.5,WKRZ,FREELAND,PA,Contemporary Hit Radio,98.5 KRZ,8.7,357.0
102.7,WKSB,WILLIAMSPORT,PA,Hot AC,KISS FM,53.0,387.0
96.1,WKST-FM,PITTSBURGH,PA,Contemporary Hit Radio,KISS FM,44.0,159.0
107.1,WKTW-LP,LENHARTSVILLE,PA,Variety,,0.1,21.2
103.1,WKVE,MOUNT PLEASANT,PA,Classic Rock,103.1 KVE,4.4,244.0
88.1,WKWP,WILLIAMSPORT,PA,Contemporary Christian,K-LOVE,0.55,27.0
96.5,WKYE,JOHNSTOWN,PA,Hot AC,96-KEY,50.0,149.0
96.9,WLAN-FM,LANCASTER,PA,Contemporary Hit Radio,FM 97 WLAN,50.0,152.0
91.7,WLBS,BRISTOL,PA,Adult Standards,RADIO DELAWARE VALLEY,0.1,
106.3,WLCY,BLAIRSVILLE,PA,Country,COUNTRY 106.3,2.4,111.0
107.5,WLDJ-LP,NEW CASTLE,PA,Variety,,0.095,31.0
93.1,WLEB-LP,LEBANON,PA,Religious Teaching,,0.1,20.34901
97.7,WLER-FM,BUTLER,PA,Rock,THE ROCK STATION 97.7,4.6,114.0
100.7,WLEV,ALLENTOWN,PA,Adult Contemporary,100.7 WLEV,9.9,329.0
107.7,WLGD,DALLAS,PA,Classic Rock,ROCK 107,2.35,162.0
90.3,WLHI,SCHNECKSVILLE,PA,Contemporary Christian,WORD FM,0.42,70.0
96.9,WLIH,WHITNEYVILLE,PA,,,3.7,83.0
88.3,WLKA,TAFTON,PA,Contemporary Christian,K-LOVE,1.1,251.0
93.5,WLKE,GALLITZIN,PA,Contemporary Christian,K-LOVE,1.25,221.5
97.7,WLKH,SOMERSET,PA,Contemporary Christian,K-LOVE,3.5,131.0
105.7,WLKJ,PORTAGE,PA,Contemporary Christian,K-LOVE,3.0,98.0
105.7,WLKJ-FM1,JOHNSTOWN,PA,Contemporary Christian,K-LOVE,0.342,
96.7,WLLF,MERCER,PA,Sports,SPORTS RADIO 96.7,1.4,148.0
96.3,WLOQ,OIL CITY,PA,Contemporary Christian,K-LOVE,6.0,99.0
103.9,WLSW,UNIONTOWN,PA,Adult Hits,103.9 KHB,2.7,243.0
92.9,WLTJ,PITTSBURGH,PA,Hot AC,Q 92.9,43.0,260.0
91.3,WLVR-FM,BETHLEHEM,PA,News/Talk,YOUR LOCAL NPR NEWS SOURCE 91.3,0.22,170.0
107.1,WLVX,GREENVILLE,PA,Contemporary Christian,K-LOVE,2.1,119.0
88.5,WMCE-FM,ERIE,PA,Classic Hits,LECOM RADIO 88.5,0.75,152.0
107.7,WMES-LP,ALTOONA,PA,Religious Teaching,THE MESSENGER,0.1,-55.0
105.5,WMGH-FM,TAMAQUA,PA,Adult Contemporary,MAGIC 105.5,1.4,148.0
102.9,WMGK,PHILADELPHIA,PA,Classic Rock,PHILADELPHIA'S CLASSIC ROCK MGK,8.9,350.0
92.9,WMGS,WILKES-BARRE,PA,Adult Contemporary,CONTINUOUS SOFT ROCK MAGIC 93,5.3,422.0
105.5,WMKX,BROOKVILLE,PA,Classic Rock,MEGA ROCK,16.0,126.0
91.9,WMMH,HOUTZDALE,PA,Religious Teaching,JMJ 750 AM,0.61,310.7
93.3,WMMR,PHILADELPHIA,PA,Rock,EVERYTHING THAT ROCKS,16.5,264.0
103.5,WMMZ,BERWICK,PA,Classic Hits,THE RIVER 105 & 103.5,1.05,239.0
95.7,WMRF-FM,LEWISTOWN,PA,Hot AC,MERF RADIO,0.31,433.0
91.1,WMSS,MIDDLETOWN,PA,Adult Alternative,SUPER 91,5.5,17.0
94.7,WMTT-FM,TIOGA,PA,Classic Rock,THE MET,12.0,147.0
105.1,WMUG-LP,INDIANA,PA,Religious Teaching,,0.012,86.0
91.7,WMUH,ALLENTOWN,PA,Variety,ONLY STATION THAT MATTER,0.44,-1.0
101.7,WMVL,LINESVILLE,PA,Classic Hits,COOL 101.7,1.4,169.0
104.3,WNAE,CLARENDON,PA,Country,KINZUA COUNTRY 104,4.7,113.0
104.5,WNBT-FM,WELLSBORO,PA,Country,"96-104-107 FM, BIGFOOT COUNTRY",50.0,128.0
91.7,WNJR,WASHINGTON,PA,Variety,91.7 WNJR,0.4,123.0
103.5,WNKV,BURGETTSTOWN,PA,Contemporary Christian,K-LOVE,19.5,247.0
94.5,WNLI,STATE COLLEGE,PA,Contemporary Christian,AIR1,1.9,179.0
106.1,WNNA,BEAVER SPRINGS,PA,Classic Hits,HANNA 92.3 & 106.1,0.175,400.0
104.1,WNNK-FM,HARRISBURG,PA,Hot AC,WINK 104,22.5,221.0
89.5,WNTE,MANSFIELD,PA,Variety,THE GIANT 89.5,0.115,-85.0
98.5,WNUW-LP,ASTON,PA,Rock,,0.018,69.1
92.9,WNUZ-LP,GAP,PA,News/Talk,,0.1,1.0
99.9,WODE-FM,EASTON,PA,Classic Hits,99 NINE THE HAWK,50.0,137.0
92.3,WOGA,MANSFIELD,PA,Classic Hits,WOGA 92.3 - 93.1 - 93.5 FM,1.6,196.0
94.9,WOGG,OLIVER,PA,Country,FROGGY 94.9/104.3,1.95,351.0
104.3,WOGI,MOON TOWNSHIP,PA,Country,FROGGY 94.9/104.3,13.0,219.0
98.1,WOGL,PHILADELPHIA,PA,Classic Hits,BIG 98.1,9.6,338.0
102.9,WOKW,CURWENSVILLE,PA,Adult Contemporary,OK 102.9,0.35,288.0
98.9,WOLR-LP,WILLIAMSPORT,PA,Religious Teaching,,0.1,-44.700645
92.9,WOOM-LP,PHILADELPHIA,PA,Variety,SOUTH PHILADELPHIA COMMUNITY RADIO,0.1,11.63946
101.5,WORD-FM,PITTSBURGH,PA,Religious Teaching/Southern Gospel,WORD FM,43.0,163.0
107.9,WOTH,WILLIAMSPORT,PA,Contemporary Hit Radio,HOT 107.9,3.4,135.0
101.7,WOWQ,CENTRAL CITY,PA,Oldies,WOWY RADIO,0.72,196.0
103.1,WOWY,STATE COLLEGE,PA,Classic Hits,WOWY 97.9 103.1 103.5,0.37,398.0
90.7,WPAI,NANTY GLO,PA,Contemporary Christian,AIR1,2.1,
103.9,WPAL,DUSHORE,PA,Country,PAL FM,0.89,260.0
93.1,WPQP,CLEARFIELD,PA,Contemporary Hit Radio,POP 93.1 AND 95.9,1.7,287.0
91.5,WPAU,PALMYRA TOWNSHIP,PA,Classical/News/Talk,WVIA PUBLIC RADIO,0.4,167.0
97.3,WPCL,SPANGLER,PA,Religious Teaching,WAY TRUTH LIFE RADIO,1.75,186.0
88.1,WPEB,PHILADELPHIA,PA,Variety,,0.01,
96.5,WPEL-FM,MONTROSE,PA,Religious Teaching,YOUR STATION FOR INFORMATION & INSPIRATION,57.0,140.0
91.3,WPFG,CARLISLE,PA,Religious Teaching,THE BRIDGE 91.3 FM & 93.1 FM,2.15,247.0
91.3,WPFG-FM1,LANDISBURG,PA,Religious Teaching,THE BRIDGE 91.3 FM & 93.1 FM,0.24,
104.7,WPGB,PITTSBURGH,PA,Country,BIG 104.7,14.5,232.0
96.7,WPGM-FM,DANVILLE,PA,Contemporary Christian/Religious Teaching,,0.57,233.0
103.9,WPHI-FM,JENKINTOWN,PA,News,KYW NEWSRADIO 103.9 FM,0.27,338.0
99.3,WPKL,UNIONTOWN,PA,Classic Hits,THE PICKLE,3.0,90.0
98.3,WPKV,DUQUESNE,PA,Contemporary Christian,K-LOVE,3.7,246.0
89.3,WPMN,SAXTON,PA,,,1.4,302.0
89.5,WPMU,DUBOIS,PA,Religious Teaching,WAY TRUTH LIFE RADIO,6.0,177.0
106.5,WPPM-LP,PHILADELPHIA,PA,Variety,,0.09,19.92342
91.5,WPSU,STATE COLLEGE,PA,News/Classical,PUBLIC RADIO FOR CENTRAL AND NORTHERN PENNSYLVANIA,1.7,365.0
90.1,WPSX,KANE,PA,News/Talk/Classical,PUBLIC RADIO FOR CENTRAL AND NORTHERN PENNSYLVANIA,17.0,232.0
92.1,WPTS-FM,PITTSBURGH,PA,Variety,PITTSBURGH'S PROGRESSIVE FM,0.016,141.0
104.1,WPXZ-FM,PUNXSUTAWNEY,PA,Hot AC,ALL HITS 104.1 FM,3.3,91.0
105.9,WPZX,POCONO PINES,PA,Classic Rock,ROCK 107,5.0,103.0
100.5,WQBG,Carroll Township,PA,Country,BIGFOOT COUNTRY,1.1,232.0
99.9,WQBR,AVIS,PA,Country/Americana,BEAR COUNTRY RADIO 99.9,0.57,321.0
94.3,WQCM,GREENCASTLE,PA,Classic Rock,CLASSIC ROCK 94.3 WQCM,3.5,131.0
89.3,WQED-FM,PITTSBURGH,PA,Classical/News,WQED CHANGES LIVES,28.0,199.0
89.7,WQEJ,JOHNSTOWN,PA,Classical,WQED CHANGES LIVES,8.4,361.0
98.5,WQEW-LP,PHILADELPHIA,PA,Ethnic,,0.077,34.102184
92.1,WQFM,NANTICOKE,PA,Classic Hits,92 MIX FM,0.66,303.0
100.1,WQFN,FOREST CITY,PA,Classic Hits,92 MIX FM,6.0,97.0
103.1,WQFX-FM,RUSSELL,PA,Classic Rock,ROCK 103,2.5,107.0
88.3,WQHE,OIL CITY,PA,Religious Teaching,STATION OF THE CROSS,3.6,105.1
102.3,WQHZ,ERIE,PA,Classic Rock,Z-102.3,1.7,187.0
107.1,WQJU,MIFFLINTOWN,PA,Religious Teaching,WAY TRUTH LIFE RADIO,0.37,397.0
94.1,WQKX,ELIZABETHVILLE,PA,Hot AC,94 KX,16.0,268.0
98.9,WQKY,EMPORIUM,PA,Classic Hits,THE RIVER 98.9,2.0,167.0
91.3,WQLN-FM,ERIE,PA,News/Talk/Classical,Q-91.3,35.0,152.0
98.9,WQLV,MILLERSBURG,PA,Hot AC,98.9 THE PULSE,0.78,273.0
92.5,WQMU,INDIANA,PA,Hot AC,U 92,3.0,100.0
90.5,WQOR,LACEYVILLE,PA,Religious Teaching,JMJ 750 AM,0.32,71.5
95.9,WQQP,SYKESVILLE,PA,Contemporary Hit Radio,POP 93.1 AND 95.9,1.5,196.0
88.9,WQSU,SELINSGROVE,PA,Adult Alternative,THE PULSE,10.5,203.4
103.9,WQWY,BELLWOOD,PA,Oldies,WOWY,0.38,280.0
105.7,WQXA-FM,YORK,PA,Rock,105.7 THE X,25.0,215.0
98.3,WRBG,MIFFLINBURG,PA,Country,BIGFOOT COUNTRY,1.4,147.0
94.9,WRBT,HARRISBURG,PA,Country,BOB 94-9,25.0,213.0
88.3,WRCT,PITTSBURGH,PA,Adult Alternative,,1.75,22.0
89.3,WRDV,WARMINSTER,PA,Adult Standards,RADIO DELAWARE VALLEY,1.6,36.0
104.5,WRFF,PHILADELPHIA,PA,Rock,ALT 104.5,11.5,308.0
102.5,WRFY-FM,READING,PA,Adult Hits,Y-102 ROCK HITS,10.0,246.0
93.7,WRGG-LP,GREENCASTLE,PA,Classic Hits,WRGG - WE ARE GA,0.009,98.0
88.1,WRGN,SWEET VALLEY,PA,Contemporary Christian/Religious Teaching,GOOD NEWS 88,0.5,92.0
92.9,WRGU-LP,PHILADELPHIA,PA,Variety,,0.015,77.0
105.9,WRHB-LP,MIFFLINVILLE,PA,Variety,,0.1,17.0
88.5,WRKC,WILKES-BARRE,PA,Variety,,1.5,-140.0
104.9,WRKT,NORTH EAST,PA,Rock,ROCKET 105,4.5,160.5
99.1,WRKW,EBENSBURG,PA,Rock,ROCKY 99,50.0,152.0
104.9,WRKY-FM,HOLLIDAYSBURG,PA,Hot AC,ROCKY 104-9,0.73,276.0
91.7,WRLC,WILLIAMSPORT,PA,Adult Alternative,THE THUNDER,0.74,-91.0
92.9,WRLG-LP,PHILADELPHIA,PA,Variety,,0.015,78.0
89.1,WRXV,STATE COLLEGE,PA,Christian CHR + Rock,REV FM,0.6,332.0
100.3,WRNB,MEDIA,PA,Rhythm And Blues,100.3 RNB,12.5,302.0
101.3,WROZ,LANCASTER,PA,Soft Christian Contemporary,AIR1,7.4,379.0
91.1,WRPV,RIDGWAY,PA,Christian CHR + Rock,REV FM,0.24,92.0
94.3,WRQI,SAEGERTOWN,PA,Classic Rock,ROCKY 94.3 - 107.7,2.15,168.0
88.1,WRQV,RIDGWAY,PA,Christian CHR + Rock,REV FM,2.1,249.0
107.7,WRQW,COOPERSTOWN,PA,Classic Rock,ROCKY 94.3 - 107.7,4.5,115.0
96.9,WRRK,BRADDOCK,PA,Adult Hits,96.9 BOB FM,45.0,162.0
92.3,WRRN,WARREN,PA,Classic Hits,92 GOLD,50.0,125.0
95.3,WRSC-FM,BELLEFONTE,PA,Talk,,0.51,337.0
94.9,WRSD,FOLSOM,PA,Variety,RIDLEY RAIDER RADIO,0.014,6.0
90.1,WRTI,PHILADELPHIA,PA,Classical/Jazz,TEMPLE UNIVERSITY PUBLIC RADIO,7.7,371.0
89.3,WRTJ,COATESVILLE,PA,Classical/Jazz,TEMPLE UNIVERSITY PUBLIC RADIO,0.46,87.5
90.7,WRTL,EPHRATA,PA,Classical/Jazz,TEMPLE UNIVERSITY PUBLIC RADIO,0.65,265.0
103.7,WRTS,ERIE,PA,Contemporary Hit Radio,ERIE'S NUMBER ONE HIT MUSIC STATION - STAR 104,50.0,152.0
91.1,WRTY,JACKSON TOWNSHIP,PA,Classical/Jazz,TEMPLE UNIVERSITY PUBLIC RADIO,3.5,264.0
90.5,WRVI,ALLPORT,PA,Christian CHR + Rock,REV FM,1.6,270.0
97.3,WRVV,HARRISBURG,PA,Classic Hits,THE RIVER,15.0,260.0
88.7,WRYV,MILROY,PA,Christian CHR + Rock,REV FM,2.2,265.0
102.9,WRZO-LP,CHAMBERSBURG,PA,Variety,,0.1,25.0
91.1,WSAJ-FM,GROVE CITY,PA,Classical/Jazz,,2.7,153.0
93.5,WSBG,STROUDSBURG,PA,Hot AC,93.5 SBG,0.43,266.0
89.1,WSFX,NANTICOKE,PA,Adult Alternative,89.1 THE CUTTING EDGE,0.1,-116.0
99.7,WSHH,PITTSBURGH,PA,Adult Contemporary,WISH 99.7,17.0,260.0
93.7,WSJR,DALLAS,PA,Country,CAT COUNTRY,1.45,207.0
104.3,WSKE,EVERETT,PA,Country,COOL COUNTRY 104.3,0.82,270.0
101.7,WSOV-LP,MILLHEIM,PA,Variety,,0.1,-91.0
96.1,WSOX,RED LION,PA,Classic Hits,96.1 SOX,13.5,290.0
92.1,WSQV,LOCK HAVEN,PA,Classic Rock,92.1 WSQV THE VALLEY'S BEST ROCK,6.0,69.0
91.5,WSRN-FM,SWARTHMORE,PA,Variety,,0.11,43.0
88.1,WSRU,SLIPPERY ROCK,PA,Variety,THE VOICE OF THE ROCK,0.1,24.0
88.7,WSYC-FM,SHIPPENSBURG,PA,Adult Alternative,WSYC 88.7 FM,0.13,-47.0
96.5,WTDY-FM,PHILADELPHIA,PA,Hot AC,THE NEW 96.5,9.6,337.8
88.3,WTIO,MAINESBURG,PA,News,WVIA PUBLIC RADIO,0.048,258.6
89.9,WTLR,STATE COLLEGE,PA,Religious Teaching,WAY TRUTH LIFE RADIO,12.0,279.0
93.5,WTPA-FM,MECHANICSBURG,PA,Classic Rock,CENTRAL PA'S CLASSIC ROCK 93.5 WTPA,1.25,219.0
94.3,WTRW,CARBONDALE,PA,Talk,94.3 THE TALKER,0.97,249.0
95.3,WTTC-FM,TOWANDA,PA,Classic Rock,95.3 THE BRIDGE,5.4,38.0
93.9,WTWF,FAIRVIEW,PA,Country,ERIE'S NEW COUNTRY - 93.9 THE WOLF,6.0,91.0
106.9,WUKL,MASONTOWN,PA,Contemporary Christian,K-LOVE,0.98,247.0
106.1,WUMR,PHILADELPHIA,PA,Spanish Hits,RUMBA 106.1,22.5,226.0
98.9,WUSL,PHILADELPHIA,PA,Urban Contemporary,POWER 99,27.0,204.0
99.5,WUSR,SCRANTON,PA,Variety,,0.41,378.0
95.5,WUTT-LP,ERIE,PA,Urban AC,,0.055,41.0
105.7,WUUK-LP,CANADOHTA LAKE,PA,Classic Hits,,0.085,33.0
90.5,WVBU-FM,LEWISBURG,PA,Rock,,0.225,-10.0
94.5,WVHO-LP,NANTICOKE,PA,Religious Teaching,,0.1,-141.0
89.9,WVIA-FM,SCRANTON,PA,Classical/News/Talk,WVIA PUBLIC RADIO,7.4,381.0
100.5,WVIP,SUSQUEHANNA,PA,Oldies,SOLID GOLD 100.5 / 104.5,1.6,196.0
106.7,WVLH-LP,COUDERSPORT,PA,Religious Teaching,,0.1,-33.0
100.9,WVLY-FM,MILTON,PA,Contemporary Christian,K-LOVE,1.3,218.0
91.9,WVME,MEADVILLE,PA,Religious Teaching,MOODY RADIO,4.4,94.0
90.7,WVMM,GRANTHAM,PA,Variety,PULSE RADIO,0.1,50.0
90.1,WVMN,NEW CASTLE,PA,Religious Teaching,MOODY RADIO,2.0,72.0
91.7,WVMW-FM,SCRANTON,PA,Adult Alternative,VMFM 91.7 YOUR ALTERNATIVE,1.8,-83.2
96.7,WVNW,BURNHAM,PA,Country,STAR COUNTRY 96.7 FM,0.45,259.0
96.7,WVPO,LEHMAN TOWNSHIP,PA,Country,BIGFOOT 96.7,5.0,70.0
97.7,WVRT,MILL HALL,PA,Contemporary Hit Radio,V97,6.0,90.0
99.7,WVRZ,MOUNT CARMEL,PA,Contemporary Hit Radio,V97,0.79,197.0
106.9,WVSQ,RENOVO,PA,Rock,THE VALLEY'S BEST ROCK,0.9,188.0
89.7,WVYA,WILLIAMSPORT,PA,Classical/News/Talk,WVIA PUBLIC RADIO,3.3,-5.0
88.1,WVYC,YORK,PA,Adult Alternative,THE VOICE OF YORK COLLEGE,0.036,-21.3
88.7,WWCF,MCCONNELLSBURG,PA,Adult Alternative,,0.007,433.0
88.3,WWEC,ELIZABETHTOWN,PA,Variety,THE SOUND OF ELIZABETHTOWN,0.1,35.0
103.9,WWIZ,WEST MIDDLESEX,PA,Adult Contemporary,Z104,6.0,88.9
106.7,WWKL,HERSHEY,PA,Rhythmic CHR,HOT 106.7,14.0,283.0
88.7,WWLU,LINCOLN UNIVERSITY,PA,Urban Contemporary,LINCOLN UNIVERSITY RADIO,0.003,43.0
88.9,WWNW,NEW WILMINGTON,PA,Hot AC,TITAN RADIO,4.0,33.0
89.5,WWPJ,PEN ARGYL,PA,Classical,"WWFM, THE CLASSICAL NETWORK",0.225,230.8
104.9,WWRR,SCRANTON,PA,Classic Hits,THE RIVER 105 & 103.5,0.25,353.0
94.5,WWSW-FM,PITTSBURGH,PA,Classic Hits,3WS RADIO,50.0,247.0
96.7,WWUC-LP,UNION CITY,PA,Variety,,0.09,-16.972378
92.9,WXCS-LP,CAMBRIDGE SPRINGS,PA,Variety,,0.09,31.429291
91.3,WXAC,READING,PA,Adult Alternative,,0.21,12.0
94.7,WXBB,ERIE,PA,Adult Hits,BOB FM 94.7,1.7,187.0
105.9,WXDX-FM,PITTSBURGH,PA,Rock,THE X AT 105.9,15.5,272.0
107.3,WXED-LP,ELLWOOD CITY,PA,Variety,,0.05,-24.788338
99.9,WXKC,ERIE,PA,Adult Contemporary,CLASSY 100,50.0,150.0
104.5,WXMJ,CAMBRIDGE SPRINGS,PA,Classic Hits,WUZZ RADIO,2.55,156.0
106.3,WXMT,SMETHPORT,PA,Classic Hits,106.3 XMT,1.03,240.2
106.3,WXMT-FM1,BRADFORD,PA,Classic Hits,106.3 XMT,0.81,
88.7,WXPH,MIDDLETOWN,PA,Adult Alternative,XPN 88.5,7.0,216.0
88.5,WXPI,JERSEY SHORE,PA,Variety,WILLIAMSPORT COMMUNITY RADIO,0.11,-157.0
98.5,WXPM-LP,PHOENIXVILLE,PA,Oldies,98.5 THE PHOENIX,0.1,25.0
88.5,WXPN,PHILADELPHIA,PA,Adult Alternative,XPN 88.5,2.65,365.0
97.9,WXTA,EDINBORO,PA,Country,ERIE COUNTRY 97.9,10.0,154.0
88.1,WXTC,GREENVILLE,PA,Classical,WQED CHANGES LIVES,1.6,-2.0
92.5,WXTU,PHILADELPHIA,PA,Country,PHILLY'S COUNTRY STATION,15.0,279.0
89.1,WXVU,VILLANOVA,PA,College,V 89-1 THE ROAR,0.1,85.0
101.7,WXZY-LP,KANE,PA,Variety,101.7 WXZY,0.01,90.0
88.3,WYBQ,LEESPORT,PA,Religious Teaching,BIBLE BROADCASTING NETWORK,0.67,84.0
106.1,WYCO-LP,YORK,PA,Contemporary Christian,,0.1,-21.0
98.5,WYCR,YORK-HANOVER,PA,Classic Rock,ROCKY 98.5,10.5,283.0
105.3,WYCY,HAWLEY,PA,Classic Hits,CLASSIC HITS 105.3,2.9,146.0
91.3,WYEP-FM,PITTSBURGH,PA,Adult Alternative,,18.0,116.0
102.9,WYFM,SHARON,PA,Classic Rock,Y-103,33.0,184.0
88.5,WYFU,MASONTOWN,PA,Religious Teaching,BIBLE BROADCASTING NETWORK,16.0,106.0
95.1,WYLE,GROVE CITY,PA,Country,WILLIE 95.1,19.0,245.0
93.3,WYPM,CHAMBERSBURG,PA,News/Classical,LIVE INSPIRED,0.35,412.0
98.5,WYRA,CONFLUENCE,PA,Contemporary Christian,K-LOVE,0.75,282.0
88.7,WYSP,Colley,PA,,,0.0093,256.0
91.9,WYTL,WYOMISSING,PA,Contemporary Christian,WORD FM,0.45,166.0
88.5,WYVL,YOUNGSVILLE,PA,Christian CHR + Rock,DOVE FM,2.5,130.0
107.1,WZBF,RIDGEBURY,PA,Country,"96-104-107 FM, BIGFOOT COUNTRY",3.2,140.0
96.9,WZBF-FM2,TOWANDA,PA,Country,"96-104-107 FM, BIGFOOT COUNTRY",1.2,
91.1,WZBT,GETTYSBURG,PA,Adult Alternative,,0.35,35.5
92.9,WZML-LP,BRYN MAWR,PA,Variety,,0.005,138.0
89.1,WZMV,MOHRSVILLE,PA,Contemporary Christian,WORD FM,7.5,70.0
91.9,WZRG,KULPMONT,PA,Contemporary Christian,WGRC CHRISTIAN RADIO,1.45,202.0
91.7,WZWG,WEST GROVE,PA,Religious Teaching,HOPE FM,0.16,
93.7,WZWW,BOALSBURG,PA,Hot AC,3WZ,0.33,415.0
90.5,WZXB,BECHTELSVILLE,PA,Contemporary Christian,WORD FM,1.1,172.0
88.3,WZXE,EAST NOTTINGHAM,PA,Contemporary Christian,WORD FM,0.48,145.0
88.1,WZXM,HARRISBURG,PA,Contemporary Christian,WORD FM,0.54,32.0
90.1,WZXN,NEWBURG,PA,Contemporary Christian,WORD FM,6.3,-14.0
88.3,WZXQ,CHAMBERSBURG,PA,Contemporary Christian,WORD FM,0.11,352.0
99.3,WZXR,SOUTH WILLIAMSPORT,PA,Rock,SUSQUEHANNA VALLEY'S HOME OF ROCK & ROLL,0.42,372.0
90.7,WZXY,SPRING GROVE,PA,Contemporary Christian,WORD FM,0.16,225.0
88.1,WZZD,WARWICK,PA,Contemporary Christian,WORD FM,0.43,185.0
90.9,WZZH,HONESDALE,PA,Contemporary Christian,WORD FM,0.11,265.0
95.1,WZZO,BETHLEHEM,PA,Rock,95.1 ZZO,30.0,192.0
